{
  "Ansi 5 Color": {
    "Green Component": 0.7215686440467834,
    "Blue Component": 0.529411792755127,
    "Red Component": 0.8705882430076599
  },
  "Ansi 12 Color": {
    "Green Component": 0.8078431487083435,
    "Blue Component": 0.9215686321258545,
    "Red Component": 0.529411792755127
  },
  "Use Non-ASCII Font": false,
  "Has Hotkey": false,
  "Bold Color": {
    "Green Component": 1,
    "Blue Component": 1,
    "Red Component": 1
  },
  "Normal Font": "JetBrainsMonoNFM-Regular 16",
  "Guid": "$ITERM2_DEFAULT_PROFILE_GUID",
  "Ansi 2 Color": {
    "Green Component": 0.686274528503418,
    "Blue Component": 0.501960813999176,
    "Red Component": 0.5254902243614197
  },
  "Rows": 25,
  "Default Bookmark": "No",
  "Link Color": {
    "Red Component": 0.14513972401618958,
    "Color Space": "P3",
    "Blue Component": 0.7093239426612854,
    "Alpha Component": 1,
    "Green Component": 0.35333043336868286
  },
  "Cursor Guide Color": {
    "Red Component": 0.7486259341239929,
    "Color Space": "P3",
    "Blue Component": 0.9912572503089905,
    "Alpha Component": 0.25,
    "Green Component": 0.9204778671264648
  },
  "Non-ASCII Anti Aliased": true,
  "Use Bright Bold": true,
  "Ansi 10 Color": {
    "Green Component": 0.6666666865348816,
    "Blue Component": 0.13333334028720856,
    "Red Component": 0.5333333611488342
  },
  "Ambiguous Double Width": false,
  "Jobs to Ignore": [
    "rlogin",
    "ssh",
    "slogin",
    "telnet"
  ],
  "Show Status Bar": true,
  "Ansi 15 Color": {
    "Green Component": 0.800000011920929,
    "Blue Component": 0.7333333492279053,
    "Red Component": 0.8666666746139526
  },
  "Foreground Color": {
    "Green Component": 0.9333333373069763,
    "Blue Component": 0.8666666746139526,
    "Red Component": 0.8666666746139526
  },
  "Bound Hosts": [],
  "Working Directory": "$HOME",
  "Blinking Cursor": true,
  "Disable Window Resizing": true,
  "Sync Title": false,
  "Prompt Before Closing 2": false,
  "BM Growl": true,
  "Command": "",
  "Description": "Default",
  "Mouse Reporting": true,
  "Screen": -1,
  "Selection Color": {
    "Green Component": 0.30241936445236206,
    "Blue Component": 0.30241936445236206,
    "Red Component": 0.30241936445236206
  },
  "Columns": 80,
  "Idle Code": 0,
  "Ansi 13 Color": {
    "Green Component": 0.4000000059604645,
    "Blue Component": 0,
    "Red Component": 0.6000000238418579
  },
  "Custom Command": "No",
  "ASCII Anti Aliased": true,
  "Non Ascii Font": "Monaco 12",
  "Vertical Spacing": 1,
  "Use Bold Font": true,
  "Option Key Sends": 0,
  "Selected Text Color": {
    "Green Component": 1,
    "Blue Component": 1,
    "Red Component": 1
  },
  "Background Color": {
    "Green Component": 0.10980392247438431,
    "Blue Component": 0.10980392247438431,
    "Red Component": 0.10980392247438431
  },
  "Character Encoding": 4,
  "Ansi 11 Color": {
    "Green Component": 0.6549019813537598,
    "Blue Component": 0.364705890417099,
    "Red Component": 1
  },
  "Use Italic Font": true,
  "Unlimited Scrollback": false,
  "Keyboard Map": {
    "0xf700-0x260000": {
      "Text": "[1;6A",
      "Action": 10
    },
    "0x37-0x40000": {
      "Text": "0x1f",
      "Action": 11
    },
    "0x32-0x40000": {
      "Text": "0x00",
      "Action": 11
    },
    "0xf709-0x20000": {
      "Text": "[17;2~",
      "Action": 10
    },
    "0xf70c-0x20000": {
      "Text": "[20;2~",
      "Action": 10
    },
    "0xf729-0x20000": {
      "Text": "[1;2H",
      "Action": 10
    },
    "0xf72b-0x40000": {
      "Text": "[1;5F",
      "Action": 10
    },
    "0xf705-0x20000": {
      "Text": "[1;2Q",
      "Action": 10
    },
    "0xf703-0x260000": {
      "Text": "[1;6C",
      "Action": 10
    },
    "0xf700-0x220000": {
      "Text": "[1;2A",
      "Action": 10
    },
    "0xf701-0x280000": {
      "Text": "0x1b 0x1b 0x5b 0x42",
      "Action": 11
    },
    "0x38-0x40000": {
      "Text": "0x7f",
      "Action": 11
    },
    "0x33-0x40000": {
      "Text": "0x1b",
      "Action": 11
    },
    "0xf703-0x220000": {
      "Text": "[1;2C",
      "Action": 10
    },
    "0xf701-0x240000": {
      "Text": "[1;5B",
      "Action": 10
    },
    "0xf70d-0x20000": {
      "Text": "[21;2~",
      "Action": 10
    },
    "0xf702-0x260000": {
      "Text": "[1;6D",
      "Action": 10
    },
    "0xf729-0x40000": {
      "Text": "[1;5H",
      "Action": 10
    },
    "0xf706-0x20000": {
      "Text": "[1;2R",
      "Action": 10
    },
    "0x34-0x40000": {
      "Text": "0x1c",
      "Action": 11
    },
    "0xf700-0x280000": {
      "Text": "0x1b 0x1b 0x5b 0x41",
      "Action": 11
    },
    "0x2d-0x40000": {
      "Text": "0x1f",
      "Action": 11
    },
    "0xf70e-0x20000": {
      "Text": "[23;2~",
      "Action": 10
    },
    "0xf702-0x220000": {
      "Text": "[1;2D",
      "Action": 10
    },
    "0xf703-0x280000": {
      "Text": "0x1b 0x1b 0x5b 0x43",
      "Action": 11
    },
    "0xf700-0x240000": {
      "Text": "[1;5A",
      "Action": 10
    },
    "0xf707-0x20000": {
      "Text": "[1;2S",
      "Action": 10
    },
    "0xf70a-0x20000": {
      "Text": "[18;2~",
      "Action": 10
    },
    "0x35-0x40000": {
      "Text": "0x1d",
      "Action": 11
    },
    "0xf70f-0x20000": {
      "Text": "[24;2~",
      "Action": 10
    },
    "0xf703-0x240000": {
      "Text": "[1;5C",
      "Action": 10
    },
    "0xf701-0x260000": {
      "Text": "[1;6B",
      "Action": 10
    },
    "0xf702-0x280000": {
      "Text": "0x1b 0x1b 0x5b 0x44",
      "Action": 11
    },
    "0xf72b-0x20000": {
      "Text": "[1;2F",
      "Action": 10
    },
    "0x36-0x40000": {
      "Text": "0x1e",
      "Action": 11
    },
    "0xf708-0x20000": {
      "Text": "[15;2~",
      "Action": 10
    },
    "0xf701-0x220000": {
      "Text": "[1;2B",
      "Action": 10
    },
    "0xf70b-0x20000": {
      "Text": "[19;2~",
      "Action": 10
    },
    "0xf702-0x240000": {
      "Text": "[1;5D",
      "Action": 10
    },
    "0xf704-0x20000": {
      "Text": "[1;2P",
      "Action": 10
    }
  },
  "Window Type": 0,
  "Cursor Type": 1,
  "Background Image Location": "",
  "Blur": false,
  "Badge Color": {
    "Red Component": 0.9292940497398376,
    "Color Space": "P3",
    "Blue Component": 0.13960540294647217,
    "Alpha Component": 0.5,
    "Green Component": 0.25479039549827576
  },
  "Scrollback Lines": 1000,
  "Send Code When Idle": false,
  "Close Sessions On End": true,
  "Terminal Type": "xterm-256color",
  "Visual Bell": true,
  "Flashing Bell": false,
  "Status Bar Layout": {
    "components": [
      {
        "class": "iTermStatusBarWorkingDirectoryComponent",
        "configuration": {
          "knobs": {
            "path": "path",
            "base: priority": 5,
            "base: compression resistance": 1,
            "minwidth": 0,
            "maxwidth": 1.7976931348623157e+308
          },
          "layout advanced configuration dictionary value": {
            "remove empty components": false,
            "font": ".AppleSystemUIFont 12",
            "algorithm": 1,
            "auto-rainbow style": 0
          }
        }
      },
      {
        "class": "iTermStatusBarGitComponent",
        "configuration": {
          "knobs": {
            "iTermStatusBarGitComponentPollingIntervalKey": 2,
            "base: priority": 5,
            "base: compression resistance": 1,
            "minwidth": 0,
            "maxwidth": 1.7976931348623157e+308
          },
          "layout advanced configuration dictionary value": {
            "remove empty components": false,
            "font": ".AppleSystemUIFont 12",
            "algorithm": 1,
            "auto-rainbow style": 0
          }
        }
      }
    ],
    "advanced configuration": {
      "remove empty components": false,
      "font": ".AppleSystemUIFont 12",
      "algorithm": 1,
      "auto-rainbow style": 0
    }
  },
  "Silence Bell": false,
  "Ansi 14 Color": {
    "Green Component": 0.7686274647712708,